{"iteration": 0, "iter_time": 3.408393621444702, "data_time": 4.029273986816406e-05, "psnr": 13.714019775390625, "total_pixel_loss": 3.151740074157715, "rgb_loss_l2": 0.04252047464251518, "sky_loss_opacity_based": 0.000673737027682364, "sky_loss_l2": 3.101975202560425, "dynamic_sparsity_loss": 0.004092964343726635, "shadow_sparsity_loss": 0.0024775778874754906, "lr": 0.00010396000288892537}
{"iteration": 0, "iter_time": 4.353240013122559, "data_time": 2.0503997802734375e-05, "psnr": 13.744339942932129, "total_pixel_loss": 3.1514358520507812, "rgb_loss_l2": 0.04222465679049492, "sky_loss_opacity_based": 0.0006643774686381221, "sky_loss_l2": 3.101976156234741, "dynamic_sparsity_loss": 0.004092964343726635, "shadow_sparsity_loss": 0.0024775767233222723, "lr": 0.00010396000288892537}
{"iteration": 200, "iter_time": 0.3400694727897644, "data_time": 2.3961067654454382e-06, "psnr": 13.505454063415527, "total_pixel_loss": 0.12360793352127075, "rgb_loss_l2": 0.043947696685791016, "sky_loss_opacity_based": 0.0007448126561939716, "sky_loss_l2": 0.0664496049284935, "dynamic_sparsity_loss": 0.001892076339572668, "shadow_sparsity_loss": 0.009977047331631184, "lr": 0.0008563600131310523}
